mobiles,iphone6
mobiles,iphone5
mobiles,samsung
mobiles,nexus
mobiles,sony
mobiles,motorola
tabs,ipad-air
tabs,ipad-air-2
tabs,samsung-galaxy-s2
tabs,samsung-galaxy-s
tabs,samsung-galaxy
tabs,kindle
shoes,adidas
shoes,nike
shoes,puma
shoes,reebok
shoes,yonex
tshirts,adidas
tshirts,reebok
books,fifty-shades-of-grey
books,the-hunter-games
books,catching-fire
books,mocking-jay
books,into-the-air
books,good-to-great
toys,lego-1
toys,barbie
toys,leap-frog-tab
toys,lego-duplo
toys,starwars
toys,magformers
toys,minnion